log_loss,brier,auc,event_rate,arrivals,events,pr_auc,top_decile_lift,target,model,fold_month
0.24406419973390567,0.06245234836271837,0.6153599070170949,0.06664977956298589,165807,11051,0.10057159536581707,1.9475826448396902,long_arrival_delay,calendar_weather_demand,1
0.2310598492087203,0.05974080891907059,0.6650570545970301,0.06664977956298589,165807,11051,0.1747351493197858,2.887223701165588,long_arrival_delay,early_fusion_wad,1
0.23105984920880843,0.05974080891910516,0.6650570545970301,0.06664977956298589,165807,11051,0.1747351493197858,2.887223701165588,long_arrival_delay,residual_logistic_fusion,1
0.23411810431689808,0.0606061819805074,0.653337297419064,0.06664977956298589,165807,11051,0.13987790871214506,2.9316939940614057,long_arrival_delay,ds_fusion,1
0.2346866934283586,0.060693280707845035,0.6503714065151712,0.06664977956298589,165807,11051,0.13754975122429106,2.6981153287658546,long_arrival_delay,yager_fusion,1
0.2342428866501364,0.06067447123542477,0.6529130012141046,0.06664977956298589,165807,11051,0.13828142689866915,2.744233899831488,long_arrival_delay,acrf_no_async,1
0.23432821340021026,0.060673462388831735,0.6527240049663277,0.06664977956298589,165807,11051,0.1371844639356375,2.7718335411843915,long_arrival_delay,acrf_no_reliability,1
0.23422485473163174,0.06062204574322043,0.6519563295881441,0.06664977956298589,165807,11051,0.1386394090638648,2.8561908321710816,long_arrival_delay,full_acrf,1
0.2339898054789912,0.060598949041030324,0.6527718131706037,0.06664977956298589,165807,11051,0.1390348671505571,2.909997831293144,long_arrival_delay,full_acrf_eta,1
0.263530214221565,0.06965626597216792,0.6381782623464494,0.07643191259690556,152855,11683,0.13131884842328378,2.241450998697162,long_arrival_delay,calendar_weather_demand,2
0.2500012625163818,0.06617988332451864,0.6754362203708935,0.07643191259690556,152855,11683,0.20728977396623569,3.015196708142696,long_arrival_delay,early_fusion_wad,2
0.25000126251651733,0.06617988332456194,0.6754362203708935,0.07643191259690556,152855,11683,0.20728977396623569,3.015196708142696,long_arrival_delay,residual_logistic_fusion,2
0.2546415940864582,0.0674145110774585,0.6631923749541806,0.07643191259690556,152855,11683,0.1774813017627263,2.9346258362458113,long_arrival_delay,ds_fusion,2
0.25463890149685564,0.06739924658007618,0.6627207220616452,0.07643191259690556,152855,11683,0.1774089310274068,2.948860890034356,long_arrival_delay,yager_fusion,2
0.25437521714840255,0.06738115361499135,0.663383803203584,0.07643191259690556,152855,11683,0.1776773576990411,2.949572467180909,long_arrival_delay,acrf_no_async,2
0.2539811032499137,0.06722924433758345,0.664453539245525,0.07643191259690556,152855,11683,0.18200250252219471,2.9985247412767446,long_arrival_delay,acrf_no_reliability,2
0.2540751162646008,0.0672345132377626,0.663233110715886,0.07643191259690556,152855,11683,0.18222795732188457,2.9821643187180165,long_arrival_delay,full_acrf,2
0.25408559610465115,0.06726156719247295,0.6634976227512633,0.07643191259690556,152855,11683,0.1811753763308226,2.9842655094720465,long_arrival_delay,full_acrf_eta,2
0.2478985563075895,0.0650899965510753,0.658763937086308,0.07175414479945237,179683,12893,0.13929637198794217,2.352066294554783,long_arrival_delay,calendar_weather_demand,3
0.2325852776431998,0.06132697588779366,0.7159929334755633,0.07175414479945237,179683,12893,0.2259873704359191,3.4938113983873444,long_arrival_delay,early_fusion_wad,3
0.232585277643292,0.061326975887831224,0.7159929334755633,0.07175414479945237,179683,12893,0.2259873704359191,3.4938113983873444,long_arrival_delay,residual_logistic_fusion,3
0.23794705925334025,0.06280862717173802,0.7002702535142997,0.07175414479945237,179683,12893,0.19143590184207043,3.4076579794993394,long_arrival_delay,ds_fusion,3
0.23816699997803586,0.06283160141713781,0.6987851083582156,0.07175414479945237,179683,12893,0.18980763830162667,3.394166510194361,long_arrival_delay,yager_fusion,3
0.23797177066911554,0.06282865088712891,0.7000796250145094,0.07175414479945237,179683,12893,0.19071058193846716,3.387860059624241,long_arrival_delay,acrf_no_async,3
0.2372012455146598,0.0625711421422417,0.7010712701624299,0.07175414479945237,179683,12893,0.19476956089018974,3.4100550954021154,long_arrival_delay,acrf_no_reliability,3
0.23732479348657914,0.06258507526340171,0.699916814291466,0.07175414479945237,179683,12893,0.19465963702406636,3.4025071924527173,long_arrival_delay,full_acrf,3
0.23723752470505047,0.06258200119821794,0.7004140214764304,0.07175414479945237,179683,12893,0.19513331306446066,3.442309858062514,long_arrival_delay,full_acrf_eta,3
0.26556599139749976,0.0711425118064774,0.6632659364898997,0.07954506623534906,175586,13967,0.16262626925319074,2.308684158788583,long_arrival_delay,calendar_weather_demand,4
0.24513996536431143,0.06577158884219234,0.732067521093623,0.07954506623534906,175586,13967,0.2683640229019065,3.9433091204591086,long_arrival_delay,early_fusion_wad,4
0.24513996536428462,0.06577158884218076,0.732067521093623,0.07954506623534906,175586,13967,0.2683640229019065,3.9433091204591086,long_arrival_delay,residual_logistic_fusion,4
0.2516772006057803,0.06782211682502348,0.7148930788055394,0.07954506623534906,175586,13967,0.22585102283840486,3.4859589636014543,long_arrival_delay,ds_fusion,4
0.2527965631410878,0.06806254903200339,0.7082350248795174,0.07954506623534906,175586,13967,0.21971949584485106,3.4729572881884585,long_arrival_delay,yager_fusion,4
0.2517845073812817,0.06785401572180591,0.7140578886246374,0.07954506623534906,175586,13967,0.2242326511988472,3.488146807770406,long_arrival_delay,acrf_no_async,4
0.25120697524848534,0.06764393189803372,0.7151879688930534,0.07954506623534906,175586,13967,0.2308478370775812,3.480829229290884,long_arrival_delay,acrf_no_reliability,4
0.25134802646995186,0.06765905950708055,0.7139701000540163,0.07954506623534906,175586,13967,0.23100050160452565,3.4675302506459658,long_arrival_delay,full_acrf,4
0.2508548285541106,0.06756557288038886,0.715717034487678,0.07954506623534906,175586,13967,0.23212625831329922,3.4894957273984675,long_arrival_delay,full_acrf_eta,4
0.3023691420667357,0.0857173890993631,0.7165102925702089,0.1023162364001668,184653,18893,0.2587176205693178,2.8600820451730886,long_arrival_delay,calendar_weather_demand,5
0.2772602957238803,0.07766443711153194,0.7652435871582844,0.1023162364001668,184653,18893,0.3580096276366736,4.209482727666085,long_arrival_delay,early_fusion_wad,5
0.27726029572404026,0.0776644371115885,0.7652435871582844,0.1023162364001668,184653,18893,0.3580096276366736,4.209482727666085,long_arrival_delay,residual_logistic_fusion,5
0.2863411490229928,0.08087012638148178,0.7462312162305216,0.1023162364001668,184653,18893,0.32496406800809485,3.8883895812750695,long_arrival_delay,ds_fusion,5
0.2866226431450741,0.08094685306006419,0.7440377334805827,0.1023162364001668,184653,18893,0.32112846387949306,3.858328138690729,long_arrival_delay,yager_fusion,5
0.2855427016014895,0.08058451510481887,0.7464704642809629,0.1023162364001668,184653,18893,0.32581286129977133,3.9564035262722888,long_arrival_delay,acrf_no_async,5
0.28502665446196684,0.08040433138674959,0.7480148102645522,0.1023162364001668,184653,18893,0.32658477151216786,4.024556174975521,long_arrival_delay,acrf_no_reliability,5
0.2852535805794755,0.08047103758556436,0.7470092275780064,0.1023162364001668,184653,18893,0.32543337339855005,4.030091642058518,long_arrival_delay,full_acrf,5
0.28490250725712785,0.08034842673020047,0.7476896501906591,0.1023162364001668,184653,18893,0.33093991125776545,4.030990661585935,long_arrival_delay,full_acrf_eta,5
0.34810204406730105,0.10195644971246151,0.686594648443586,0.12076779668280975,186664,22543,0.2127645293599656,2.0074926174152163,long_arrival_delay,calendar_weather_demand,6
0.327151481313968,0.09509360521488616,0.7371755692071269,0.12076779668280975,186664,22543,0.316180586086261,3.4298999574046474,long_arrival_delay,early_fusion_wad,6
0.327151481314021,0.0950936052148629,0.7371755692071269,0.12076779668280975,186664,22543,0.316180586086261,3.4298999574046474,long_arrival_delay,residual_logistic_fusion,6
0.3336755496903036,0.0971160586411219,0.714119372393346,0.12076779668280975,186664,22543,0.2839479388148309,3.106904749462063,long_arrival_delay,ds_fusion,6
0.3336222228836155,0.09712595355405891,0.7134524434953905,0.12076779668280975,186664,22543,0.28188948950034687,3.062644918091956,long_arrival_delay,yager_fusion,6
0.3329043456900591,0.09679403621397044,0.7150058086850367,0.12076779668280975,186664,22543,0.2866540481207766,3.1914322512848767,long_arrival_delay,acrf_no_async,6
0.3319093117884015,0.09638784314514137,0.7180291516670337,0.12076779668280975,186664,22543,0.29507394833015455,3.2778056955604744,long_arrival_delay,acrf_no_reliability,6
0.33212236766919717,0.0964205167108273,0.7165813330318711,0.12076779668280975,186664,22543,0.29474632991839206,3.260131533073337,long_arrival_delay,full_acrf,6
0.33210915570633603,0.09641204118708137,0.7165768311422082,0.12076779668280975,186664,22543,0.2956138257755893,3.2778795427889365,long_arrival_delay,full_acrf_eta,6
0.36099256422765297,0.10652928886418757,0.6940900956541975,0.12670740660317853,193422,24508,0.2326987998712222,2.151194103502329,long_arrival_delay,calendar_weather_demand,7
0.34235650010961693,0.10008380023332418,0.7297819544657906,0.12670740660317853,193422,24508,0.31108024284487495,3.255709802565612,long_arrival_delay,early_fusion_wad,7
0.3423565001097336,0.10008380023335008,0.7297819544657906,0.12670740660317853,193422,24508,0.31108024284487495,3.255709802565612,long_arrival_delay,residual_logistic_fusion,7
0.3483444138702715,0.10208207002438907,0.7112068971181426,0.12670740660317853,193422,24508,0.2811164077558063,2.8705941551763594,long_arrival_delay,ds_fusion,7
0.34864529336202643,0.10216828593050595,0.7096620297258591,0.12670740660317853,193422,24508,0.2785312760384517,2.8154672768011215,long_arrival_delay,yager_fusion,7
0.34778010360731054,0.10182820408712026,0.7125412044047034,0.12670740660317853,193422,24508,0.28477061978481,2.9815425048814985,long_arrival_delay,acrf_no_async,7
0.3465428895341442,0.10127685023829389,0.7143812661152585,0.12670740660317853,193422,24508,0.2946527398967098,3.1448059419800827,long_arrival_delay,acrf_no_reliability,7
0.3466684008055457,0.10128129768220219,0.7132736373212027,0.12670740660317853,193422,24508,0.29482970705705547,3.1525713733593674,long_arrival_delay,full_acrf,7
0.34660442507787875,0.10126232081643732,0.7137476581428056,0.12670740660317853,193422,24508,0.2949252882272705,3.181193199439866,long_arrival_delay,full_acrf_eta,7
0.2910940355415051,0.08054047312371189,0.6736523510802906,0.09135880377350418,186988,17083,0.16161517609866968,2.0878492831246382,long_arrival_delay,calendar_weather_demand,8
0.2746598070491513,0.07601531774263369,0.7205402329581057,0.09135880377350418,186988,17083,0.25648736723339316,3.4375067178535472,long_arrival_delay,early_fusion_wad,8
0.2746598070491618,0.07601531774263062,0.7205402329581057,0.09135880377350418,186988,17083,0.25648736723339316,3.4375067178535472,long_arrival_delay,residual_logistic_fusion,8
0.27856121143465323,0.07716847891637187,0.7064076537683441,0.09135880377350418,186988,17083,0.22133759737452108,3.347571978905435,long_arrival_delay,ds_fusion,8
0.27855853093245286,0.077128560889122,0.7050192128070826,0.09135880377350418,186988,17083,0.22153369891592634,3.381289613576363,long_arrival_delay,yager_fusion,8
0.2778043951851595,0.07688999127658495,0.7072098736948226,0.09135880377350418,186988,17083,0.22715735883278676,3.3844227625278425,long_arrival_delay,acrf_no_async,8
0.27693019860903484,0.07652040713625638,0.7089059432396481,0.09135880377350418,186988,17083,0.2384322470196663,3.3353386081009484,long_arrival_delay,acrf_no_reliability,8
0.27697845272764826,0.07651266527993923,0.7079968043200081,0.09135880377350418,186988,17083,0.23863259407817503,3.342892514318462,long_arrival_delay,full_acrf,8
0.2769576225473352,0.07652437136081548,0.7082325769428954,0.09135880377350418,186988,17083,0.23717247911865832,3.3405831498811613,long_arrival_delay,full_acrf_eta,8
0.22038835352505157,0.05518202163031505,0.6727640951385455,0.058737093378072536,177622,10433,0.1178085300385619,2.484727010042862,long_arrival_delay,calendar_weather_demand,9
0.20651469404557438,0.05236855537378483,0.7124589344910237,0.058737093378072536,177622,10433,0.18298902996989802,3.488709448323201,long_arrival_delay,early_fusion_wad,9
0.20651469404555634,0.052368555373796824,0.7124589344910237,0.058737093378072536,177622,10433,0.18298902996989802,3.488709448323201,long_arrival_delay,residual_logistic_fusion,9
0.2093586373279414,0.052915955334370185,0.7013495268944161,0.058737093378072536,177622,10433,0.17427471687985213,3.4412166029557274,long_arrival_delay,ds_fusion,9
0.2097321980348494,0.052967590561517744,0.6975203141897337,0.058737093378072536,177622,10433,0.17149932964444192,3.3380140504679416,long_arrival_delay,yager_fusion,9
0.20930838750984493,0.05292639082116965,0.7017022334549291,0.058737093378072536,177622,10433,0.1791939248082776,3.3513661710926717,long_arrival_delay,acrf_no_async,9
0.209073904570346,0.05289433893103285,0.7024231285834752,0.058737093378072536,177622,10433,0.17483677893102934,3.418593508103449,long_arrival_delay,acrf_no_reliability,9
0.20911833874575064,0.05291235839258787,0.7016956869248837,0.058737093378072536,177622,10433,0.17383799210087045,3.396581287866501,long_arrival_delay,full_acrf,9
0.20884375095049765,0.05284814816923502,0.7024099867927555,0.058737093378072536,177622,10433,0.17620197140384056,3.397338743924372,long_arrival_delay,full_acrf_eta,9
0.23404725759787412,0.060486179323170616,0.6773349898949587,0.06673365771102178,189080,12618,0.15701861479578597,2.701800501025796,long_arrival_delay,calendar_weather_demand,10
0.22382901925912196,0.05830851996781025,0.7150470067262933,0.06673365771102178,189080,12618,0.20705615258250124,3.356316373434776,long_arrival_delay,early_fusion_wad,10
0.22382901925935733,0.05830851996789367,0.7150470067262933,0.06673365771102178,189080,12618,0.20705615258250124,3.356316373434776,long_arrival_delay,residual_logistic_fusion,10
0.2294283100698612,0.059848735638939235,0.6981018171584091,0.06673365771102178,189080,12618,0.18034046049207786,3.247159962837262,long_arrival_delay,ds_fusion,10
0.22960448649333937,0.059876800286712745,0.6967253609385595,0.06673365771102178,189080,12618,0.17577940541663822,3.2318447784314492,long_arrival_delay,yager_fusion,10
0.22910115293576042,0.05974859413741671,0.6984854531742862,0.06673365771102178,189080,12618,0.18429601731892156,3.2380598450013127,long_arrival_delay,acrf_no_async,10
0.22816996348929533,0.05947211541577243,0.6994203194826523,0.06673365771102178,189080,12618,0.18416397614984636,3.334204986707203,long_arrival_delay,acrf_no_reliability,10
0.22844220834188592,0.059553121373611205,0.6992232528835715,0.06673365771102178,189080,12618,0.18221130180931933,3.3056183800135432,long_arrival_delay,full_acrf,10
0.22825681614281837,0.05949025728440616,0.699849551076208,0.06673365771102178,189080,12618,0.18832908452275787,3.3254081470914567,long_arrival_delay,full_acrf_eta,10
0.2740737235377583,0.07462825839430635,0.6827152503898692,0.0842816683097508,175483,14790,0.1664839196057798,2.434568377450461,long_arrival_delay,calendar_weather_demand,11
0.24920597698047614,0.06883354734997948,0.7576294664942744,0.0842816683097508,175483,14790,0.2764601461746831,4.377816067692276,long_arrival_delay,early_fusion_wad,11
0.24920597698103963,0.06883354735014824,0.7576294664942744,0.0842816683097508,175483,14790,0.2764601461746831,4.377816067692276,long_arrival_delay,residual_logistic_fusion,11
0.2564251025157778,0.0705140049535871,0.7407362066733383,0.0842816683097508,175483,14790,0.24072520784012577,3.779089558296023,long_arrival_delay,ds_fusion,11
0.2576858270514951,0.070693090827158,0.7351185553669385,0.0842816683097508,175483,14790,0.23654923695319588,3.784279508818465,long_arrival_delay,yager_fusion,11
0.25650786944138837,0.07053114885876546,0.7419250126102946,0.0842816683097508,175483,14790,0.24314996961978816,3.8011381275716674,long_arrival_delay,acrf_no_async,11
0.25392172865019197,0.06981374834978908,0.7467077048598167,0.0842816683097508,175483,14790,0.2543540560544319,3.953189471809219,long_arrival_delay,acrf_no_reliability,11
0.2541870546980142,0.06988443543001067,0.7455301757225478,0.0842816683097508,175483,14790,0.25192450152127416,3.9504855118421807,long_arrival_delay,full_acrf,11
0.25354775174439403,0.06975623200917423,0.7466766270753423,0.0842816683097508,175483,14790,0.2537026122438694,4.015328986948568,long_arrival_delay,full_acrf_eta,11
0.33779886267676,0.09392200578416116,0.6512973897414778,0.10667611001500818,177903,18978,0.18515839002473497,2.2344792805101474,long_arrival_delay,calendar_weather_demand,12
0.3188485537489243,0.08900145113431596,0.7022959059771203,0.10667611001500818,177903,18978,0.2870714227453632,3.1742468837409534,long_arrival_delay,early_fusion_wad,12
0.31884855374898863,0.08900145113433892,0.7022959059771203,0.10667611001500818,177903,18978,0.2870714227453632,3.1742468837409534,long_arrival_delay,residual_logistic_fusion,12
0.3230025953583272,0.09065706359103867,0.6900839538783248,0.10667611001500818,177903,18978,0.24296392592097696,3.0254868346634916,long_arrival_delay,ds_fusion,12
0.32366456833061363,0.09076633268978518,0.6874920476626165,0.10667611001500818,177903,18978,0.24164898963556694,3.011696973963088,long_arrival_delay,yager_fusion,12
0.32348632867286176,0.09084878060074589,0.6898513637898667,0.10667611001500818,177903,18978,0.24079477201105595,3.013220169960035,long_arrival_delay,acrf_no_async,12
0.32287621088248286,0.09059901102545966,0.6900519686381521,0.10667611001500818,177903,18978,0.24360127660965664,3.022402447696962,long_arrival_delay,acrf_no_reliability,12
0.32287096887777256,0.09059777918647666,0.6894367088205741,0.10667611001500818,177903,18978,0.24375181837603327,3.033407407389017,long_arrival_delay,full_acrf,12
0.32265732426118626,0.0905729794714961,0.6898985482358028,0.10667611001500818,177903,18978,0.2428176359371102,3.136472421944364,long_arrival_delay,full_acrf_eta,12
0.2711556326807414,0.07448325793147469,0.7055707257406422,0.08828631161376976,2145746,189440,0.2304672408481227,3.3444601373116614,long_arrival_delay,acrf_no_async,all
0.27034014433992587,0.07419446046580405,0.7071313023354007,0.08828631161376976,2145746,189440,0.23650656996320374,3.346800589580544,long_arrival_delay,acrf_no_reliability,all
0.28362115573285535,0.07771543647822328,0.6710406128214133,0.08828631161376976,2145746,189440,0.16986541749564368,2.3382179919437527,long_arrival_delay,calendar_weather_demand,all
0.27139284870414104,0.0745664778759564,0.7051546691765348,0.08828631161376976,2145746,189440,0.2285727997157353,3.338373940407816,long_arrival_delay,ds_fusion,all
0.2659496682847139,0.07293163575668449,0.721496442504102,0.08828631161376976,2145746,189440,0.2626679642707268,3.605992064116773,long_arrival_delay,early_fusion_wad,all
0.27046325633850576,0.07421588492572032,0.7062442864204119,0.08828631161376976,2145746,189440,0.23585506558587707,3.341410049117245,long_arrival_delay,full_acrf,all
0.27025016767983556,0.0741727452895599,0.7070596723539027,0.08828631161376976,2145746,189440,0.2370326157645921,3.343805118044953,long_arrival_delay,full_acrf_eta,all
0.26594966828483635,0.07293163575672139,0.721496442504102,0.08828631161376976,2145746,189440,0.2626679642707268,3.605992064116773,long_arrival_delay,residual_logistic_fusion,all
0.27179751693989385,0.07463592853499672,0.7022986980329853,0.08828631161376976,2145746,189440,0.22599671252115833,3.3531968304393156,long_arrival_delay,yager_fusion,all
0.1380182217327093,0.030502732438090947,0.7148141979095152,0.032423239067108145,165807,5376,0.1807643354656803,3.8912986410866135,cancellation,calendar_weather_demand,1
0.1254340275266319,0.029133334803357298,0.7809574959870005,0.032423239067108145,165807,5376,0.2305362750529128,5.396063025099374,cancellation,early_fusion_wad,1
0.12543402752790858,0.029133334803669177,0.7809574959870005,0.032423239067108145,165807,5376,0.2305362750529128,5.396063025099374,cancellation,residual_logistic_fusion,1
0.13114964785383842,0.029572916595763898,0.7558333690908062,0.032423239067108145,165807,5376,0.21087479489991903,4.6958659930936015,cancellation,ds_fusion,1
0.1317897599643895,0.029628827840526083,0.7487777193692675,0.032423239067108145,165807,5376,0.20652983060975078,4.560104322798222,cancellation,yager_fusion,1
0.13155302018362977,0.029551446629613336,0.7553754774898035,0.032423239067108145,165807,5376,0.2120421432538337,4.5547997263225675,cancellation,acrf_no_async,1
0.1318887934858428,0.029630114795275136,0.7559986314580872,0.032423239067108145,165807,5376,0.20431908523057732,4.546263673843113,cancellation,acrf_no_reliability,1
0.13148216851578493,0.02961144411727574,0.7558766038641148,0.032423239067108145,165807,5376,0.20443367575600388,4.499699283928679,cancellation,full_acrf,1
0.13105530067437357,0.029547272446851316,0.7585167251104242,0.032423239067108145,165807,5376,0.20861550016774205,4.714688611440427,cancellation,full_acrf_eta,1
0.07423114960656589,0.014094311617709427,0.6740933251413161,0.013934774786562429,152855,2130,0.02830287379985097,2.2569609058386764,cancellation,calendar_weather_demand,2
0.0690282003005958,0.013631616923932973,0.7253204192256987,0.013934774786562429,152855,2130,0.05290602163018364,3.45382993146042,cancellation,early_fusion_wad,2
0.06902820030076617,0.013631616923909663,0.7253204192256987,0.013934774786562429,152855,2130,0.05290602163018364,3.45382993146042,cancellation,residual_logistic_fusion,2
0.07259062889430816,0.014415321706964607,0.6976207983790397,0.013934774786562429,152855,2130,0.03370426066974194,3.248507507836755,cancellation,ds_fusion,2
0.07260262575413576,0.014383374535024019,0.6972018094078931,0.013934774786562429,152855,2130,0.03359911353339102,3.251712905917261,cancellation,yager_fusion,2
0.07251229850416036,0.014434257796452262,0.6983173378747634,0.013934774786562429,152855,2130,0.03388496754123545,3.234081481869324,cancellation,acrf_no_async,2
0.07235138602954794,0.01437488265890254,0.6997729596465285,0.013934774786562429,152855,2130,0.03390421949499939,3.2920057100099123,cancellation,acrf_no_reliability,2
0.07232413860848984,0.014358889921503623,0.6989368038829539,0.013934774786562429,152855,2130,0.03387449565050592,3.3062901655127472,cancellation,full_acrf,2
0.0723899167290526,0.014411092151377937,0.6990834441046678,0.013934774786562429,152855,2130,0.03386259441730861,3.2459824543501465,cancellation,full_acrf_eta,2
0.06223817915510657,0.011677271131886073,0.6920948315805435,0.011781860276153003,179683,2117,0.025337846065324233,2.762468030371272,cancellation,calendar_weather_demand,3
0.058312504939812645,0.011308462645010061,0.7379917683518196,0.011781860276153003,179683,2117,0.07281474430860863,4.272341430399626,cancellation,early_fusion_wad,3
0.0583125049409745,0.01130846264514946,0.7379917683518196,0.011781860276153003,179683,2117,0.07281474430860863,4.272341430399626,cancellation,residual_logistic_fusion,3
0.061013230634447885,0.011809426922218745,0.7261735756170176,0.011781860276153003,179683,2117,0.03537963005867915,3.7415564116978746,cancellation,ds_fusion,3
0.0610052473655061,0.011782510995429442,0.7256816749852175,0.011781860276153003,179683,2117,0.035721522874417336,3.7380849719218627,cancellation,yager_fusion,3
0.061002657235927134,0.01183220593073172,0.7268881774769413,0.011781860276153003,179683,2117,0.0356098371937521,3.869163707416764,cancellation,acrf_no_async,3
0.06065007208595288,0.011806681482472315,0.7356068394450799,0.011781860276153003,179683,2117,0.036325965601096674,3.807399980517177,cancellation,acrf_no_reliability,3
0.06070940507167354,0.011803205622566914,0.7337663001856346,0.011781860276153003,179683,2117,0.03585336938311593,3.694579491350398,cancellation,full_acrf,3
0.06074227934436436,0.011823627458405483,0.7340089079214339,0.011781860276153003,179683,2117,0.035971633567571014,3.7093536063551618,cancellation,full_acrf_eta,3
0.05953391879399095,0.011296470105109542,0.727522749893589,0.011453077124599911,175586,2011,0.031082146457110757,3.6514875156765814,cancellation,calendar_weather_demand,4
0.053415585940104496,0.010762916105087766,0.8049243233940248,0.011453077124599911,175586,2011,0.09691663351378388,5.365145771990964,cancellation,early_fusion_wad,4
0.05341558593977976,0.01076291610510406,0.8049243233940248,0.011453077124599911,175586,2011,0.09691663351378388,5.365145771990964,cancellation,residual_logistic_fusion,4
0.0574644042300757,0.0112061260606358,0.7688355811723409,0.011453077124599911,175586,2011,0.04810776096170951,4.013238864950322,cancellation,ds_fusion,4
0.057867804139063526,0.011212987404085658,0.75910459633187,0.011453077124599911,175586,2011,0.04683268070305093,4.017352429073613,cancellation,yager_fusion,4
0.057474562673381795,0.01120461646154456,0.7692251395948239,0.011453077124599911,175586,2011,0.04936002848945449,4.015294593452573,cancellation,acrf_no_async,4
0.05708073397898241,0.011184624263521592,0.7734878992274451,0.011453077124599911,175586,2011,0.05083207759056233,4.330340002778251,cancellation,acrf_no_reliability,4
0.057125338552150205,0.01118397280663876,0.7718524150586723,0.011453077124599911,175586,2011,0.050474241812027046,4.332597957577148,cancellation,full_acrf,4
0.056916840843596876,0.011184337062526703,0.775617207762606,0.011453077124599911,175586,2011,0.05146217493707031,4.640385583852372,cancellation,full_acrf_eta,4
0.06733391603487628,0.013164928743372818,0.7416168883095127,0.013463090228699235,184653,2486,0.04306238453039944,3.5509867494025014,cancellation,calendar_weather_demand,5
0.06275177910064479,0.013122088788798641,0.7998536478120708,0.013463090228699235,184653,2486,0.09732343174350143,5.580334887548894,cancellation,early_fusion_wad,5
0.06275177910048856,0.013122088788391474,0.7998536478120708,0.013463090228699235,184653,2486,0.09732343174350143,5.580334887548894,cancellation,residual_logistic_fusion,5
0.06499491545635398,0.013169034501471348,0.7745851144314146,0.013463090228699235,184653,2486,0.06147882506529123,5.018237838065069,cancellation,ds_fusion,5
0.06515511147282821,0.013154717640950697,0.76976246403134,0.013463090228699235,184653,2486,0.06110674701137363,5.041053670648177,cancellation,yager_fusion,5
0.0648599789726927,0.013174756210014028,0.7758202382092787,0.013463090228699235,184653,2486,0.06230074143832435,5.060146067408877,cancellation,acrf_no_async,5
0.06493382248940259,0.013195258810772086,0.7780056053169958,0.013463090228699235,184653,2486,0.06083791295987689,5.057595155912591,cancellation,acrf_no_reliability,5
0.0649014807725999,0.013183454096921805,0.7775210437978278,0.013463090228699235,184653,2486,0.060856218302029856,5.055323912109075,cancellation,full_acrf,5
0.06478815683662781,0.013200702006138772,0.7795519925553799,0.013463090228699235,184653,2486,0.061083427364197744,5.06736756645597,cancellation,full_acrf_eta,5
0.09292678648770424,0.018612291007803376,0.6427444068664461,0.01906098658552265,186664,3558,0.03625478428571745,2.233669903930778,cancellation,calendar_weather_demand,6
0.08662960224131662,0.01811334070422318,0.7209341906515052,0.01906098658552265,186664,3558,0.08691260529071443,4.265390692096923,cancellation,early_fusion_wad,6
0.08662960224542007,0.018113340704747228,0.7209341906515052,0.01906098658552265,186664,3558,0.08691260529071443,4.265390692096923,cancellation,residual_logistic_fusion,6
0.08892579358648812,0.018272553572529514,0.667780246647342,0.01906098658552265,186664,3558,0.06716185966899828,3.5325808455262107,cancellation,ds_fusion,6
0.08957159689795835,0.018316400003860707,0.6587946663858586,0.01906098658552265,186664,3558,0.0632453739650069,3.5486003997853013,cancellation,yager_fusion,6
0.08853570703690282,0.01824192982501478,0.6702327112815967,0.01906098658552265,186664,3558,0.0702387470210013,3.5360869139280693,cancellation,acrf_no_async,6
0.08891364332029905,0.018259052099286636,0.6704817215720634,0.01906098658552265,186664,3558,0.06985396836813754,3.55820625447835,cancellation,acrf_no_reliability,6
0.08896886513399352,0.01825943218797113,0.6674218058600544,0.01906098658552265,186664,3558,0.0700022391790313,3.5261816258747065,cancellation,full_acrf,6
0.08856733767789944,0.01823507049177833,0.6710206237522048,0.01906098658552265,186664,3558,0.07047618948600204,3.5728921425588704,cancellation,full_acrf_eta,6
0.13305522544196272,0.02750308820373125,0.6652962737490216,0.0283111538501308,193422,5476,0.07868154821795062,2.641511079728433,cancellation,calendar_weather_demand,7
0.12060556717930855,0.026090382234779146,0.7329902831880506,0.0283111538501308,193422,5476,0.15063386322674194,4.43279330174009,cancellation,early_fusion_wad,7
0.1206055671866869,0.026090382235794296,0.7329902831880506,0.0283111538501308,193422,5476,0.15063386322674194,4.43279330174009,cancellation,residual_logistic_fusion,7
0.12431586637922425,0.026944233556396996,0.7141046754395838,0.0283111538501308,193422,5476,0.11634635149734454,3.4724764661901366,cancellation,ds_fusion,7
0.12601003373823344,0.027020297548326966,0.7062627657873568,0.0283111538501308,193422,5476,0.11258385487445341,3.4730761065279845,cancellation,yager_fusion,7
0.12443412138819539,0.026939119059292752,0.7148053744273266,0.0283111538501308,193422,5476,0.11402861077400865,3.486000947299636,cancellation,acrf_no_async,7
0.12356320189213467,0.026860776467170836,0.718884766603422,0.0283111538501308,193422,5476,0.11862126035278178,3.4658139993634207,cancellation,acrf_no_reliability,7
0.12374150389727367,0.02687102791015079,0.7196491650574889,0.0283111538501308,193422,5476,0.11891960834280668,3.470714305731101,cancellation,full_acrf,7
0.12292068653219727,0.02683378978391088,0.7211589723170645,0.0283111538501308,193422,5476,0.12289495742751626,3.7000281468647565,cancellation,full_acrf_eta,7
0.07486591834589948,0.014684715819745621,0.6771388714977156,0.015059789933043832,186988,2816,0.04257458740650079,3.347074796027951,cancellation,calendar_weather_demand,8
0.06622553244903555,0.013681424990269517,0.7634655403490166,0.015059789933043832,186988,2816,0.14927406817153377,5.09203573672312,cancellation,early_fusion_wad,8
0.06622553245031321,0.013681424990545258,0.7634655403490166,0.015059789933043832,186988,2816,0.14927406817153377,5.09203573672312,cancellation,residual_logistic_fusion,8
0.0707354987015244,0.014509946768606601,0.7464370767759337,0.015059789933043832,186988,2816,0.0695977615251471,4.308959493507881,cancellation,ds_fusion,8
0.07109194491835016,0.014508980139399616,0.7334171580345843,0.015059789933043832,186988,2816,0.06817010622350948,4.311033435186131,cancellation,yager_fusion,8
0.07088955673501865,0.014547951328626157,0.7471609342329206,0.015059789933043832,186988,2816,0.06657041299597148,4.3101114369109474,cancellation,acrf_no_async,8
0.07111067033996898,0.014590094409271986,0.746535995394251,0.015059789933043832,186988,2816,0.062213591942853995,4.218362506794401,cancellation,acrf_no_reliability,8
0.0711357161449424,0.014585969413685987,0.7463153730554245,0.015059789933043832,186988,2816,0.06205775104852579,4.200949385358478,cancellation,full_acrf,8
0.07099866866049862,0.01459155852015331,0.7480953200954197,0.015059789933043832,186988,2816,0.06155770190963961,4.513890782222416,cancellation,full_acrf_eta,8
0.03992736570402327,0.006239435890649425,0.7319333108162632,0.006159146952517143,177622,1094,0.018854624735312044,3.3627045149055013,cancellation,calendar_weather_demand,9
0.03217862704075491,0.005387799729846755,0.8174285338475185,0.006159146952517143,177622,1094,0.2164110479674,5.933548581130404,cancellation,early_fusion_wad,9
0.03217862703921614,0.005387799729720968,0.8174285338475185,0.006159146952517143,177622,1094,0.2164110479674,5.933548581130404,cancellation,residual_logistic_fusion,9
0.03606453711315723,0.006104013792671247,0.7947260952102974,0.006159146952517143,177622,1094,0.04301302863593465,5.493044803964389,cancellation,ds_fusion,9
0.03640371823370627,0.0061195697252895195,0.7818298185259743,0.006159146952517143,177622,1094,0.04130247911853439,5.281639156563532,cancellation,yager_fusion,9
0.03593076549271157,0.00609217953705319,0.7977989358540633,0.006159146952517143,177622,1094,0.047540790635689306,5.481127989161712,cancellation,acrf_no_async,9
0.03557139125207157,0.006046009063381151,0.7994107231861006,0.006159146952517143,177622,1094,0.05946171370388755,5.469223237269083,cancellation,acrf_no_reliability,9
0.03560851899315416,0.00605237189143407,0.7987821400556515,0.006159146952517143,177622,1094,0.05895158631937171,5.375621649025241,cancellation,full_acrf,9
0.035457136492940855,0.006042251342143834,0.8015322255561718,0.006159146952517143,177622,1094,0.061775831022446624,5.734010338906485,cancellation,full_acrf_eta,9
0.04163926915404443,0.006405565991588735,0.7969497762328204,0.006256610958324519,189080,1183,0.03854719092167513,5.11884026505215,cancellation,calendar_weather_demand,10
0.036073570973870844,0.005887270713804187,0.8181450543008287,0.006256610958324519,189080,1183,0.16469855368154646,5.96157240249834,cancellation,early_fusion_wad,10
0.03607357097341239,0.005887270713842685,0.8181450543008287,0.006256610958324519,189080,1183,0.16469855368154646,5.96157240249834,cancellation,residual_logistic_fusion,10
0.04054386741539875,0.006723314958159891,0.8069020598059625,0.006256610958324519,189080,1183,0.04629889470708275,5.854674927424199,cancellation,ds_fusion,10
0.0404447715270636,0.006666352142369749,0.8081055392522273,0.006256610958324519,189080,1183,0.04794876035014126,5.850043308632396,cancellation,yager_fusion,10
0.04026031876000352,0.006705428547335794,0.8106691638952154,0.006256610958324519,189080,1183,0.051951363288922026,5.854582178586944,cancellation,acrf_no_async,10
0.04018206347374295,0.006730544843932144,0.8104652923751849,0.006256610958324519,189080,1183,0.05192258156500972,5.974751407644534,cancellation,acrf_no_reliability,10
0.04037486087475168,0.006746107329586701,0.8102894752894487,0.006256610958324519,189080,1183,0.05119066078754832,5.942519019442097,cancellation,full_acrf,10
0.04019065766802681,0.006732084389055124,0.8100200429498273,0.006256610958324519,189080,1183,0.05234565455225838,5.97317228950106,cancellation,full_acrf_eta,10
0.13288279433219594,0.02855487032066228,0.6942718889331636,0.029963016360559144,175483,5258,0.1591512010487338,3.4163000070270972,cancellation,calendar_weather_demand,11
0.11705111728979088,0.025676227505256024,0.7369243993347583,0.029963016360559144,175483,5258,0.24630724199342638,4.877442779776729,cancellation,early_fusion_wad,11
0.11705111729041738,0.025676227505321513,0.7369243993347583,0.029963016360559144,175483,5258,0.24630724199342638,4.877442779776729,cancellation,residual_logistic_fusion,11
0.12472877377366315,0.02777839348889297,0.7290099733191605,0.029963016360559144,175483,5258,0.16381024258122864,4.2801436318754105,cancellation,ds_fusion,11
0.12555308468754084,0.02783399939276484,0.7226005598278206,0.029963016360559144,175483,5258,0.16152323251605866,4.227674644885534,cancellation,yager_fusion,11
0.12438039029020613,0.027735585302928266,0.7305979729131464,0.029963016360559144,175483,5258,0.17435039748626102,4.237546654302478,cancellation,acrf_no_async,11
0.12368437476502797,0.02769453256809834,0.7358021628121686,0.029963016360559144,175483,5258,0.17184992396867246,4.393178706159136,cancellation,acrf_no_reliability,11
0.12376440920317197,0.02770447411281171,0.7345662770075696,0.029963016360559144,175483,5258,0.16678552456770646,4.371415470852764,cancellation,full_acrf,11
0.12314850788174644,0.027651313051520757,0.7372344671018897,0.029963016360559144,175483,5258,0.17821225149073994,4.506210360636418,cancellation,full_acrf_eta,11
0.0907467640216827,0.018554434223179136,0.6939954745682856,0.019263306408548477,177903,3427,0.09294845971138475,3.045614702266949,cancellation,calendar_weather_demand,12
0.08830730201243768,0.0186023768951803,0.7174062308629116,0.019263306408548477,177903,3427,0.07335116866823164,3.7971709458595493,cancellation,early_fusion_wad,12
0.08830730201279179,0.018602376895146162,0.7174062308629116,0.019263306408548477,177903,3427,0.07335116866823164,3.7971709458595493,cancellation,residual_logistic_fusion,12
0.08836695677869932,0.018394919043591414,0.7143876563510226,0.019263306408548477,177903,3427,0.08633250334194079,3.7696525510281176,cancellation,ds_fusion,12
0.08835011392437718,0.018378757059319278,0.7137767579900908,0.019263306408548477,177903,3427,0.08723375418882355,3.7728308315219303,cancellation,yager_fusion,12
0.0884025029439232,0.018435440889673017,0.7138130281674194,0.019263306408548477,177903,3427,0.08425205902213426,3.801722294308326,cancellation,acrf_no_async,12
0.08853176337376549,0.01847553520736661,0.7148305900243863,0.019263306408548477,177903,3427,0.08122699882287451,3.809826698673994,cancellation,acrf_no_reliability,12
0.08853979951129928,0.01846364699071385,0.714512671141234,0.019263306408548477,177903,3427,0.08245484971587513,3.8079808755677442,cancellation,full_acrf,12
0.08855506055904501,0.018481889204222727,0.714540620936204,0.019263306408548477,177903,3427,0.08036501367821057,3.8072613027711775,cancellation,full_acrf_eta,12
0.07984364878911353,0.016528143213530105,0.706915420002661,0.01721172962689899,2145746,36932,0.0684530190648308,4.004173704698066,cancellation,acrf_no_async,all
0.07969352556633416,0.016524441598636388,0.7099777666585083,0.01721172962689899,2145746,36932,0.06843983428898104,4.058776232470461,cancellation,acrf_no_reliability,all
0.08379822729266921,0.016728740136099447,0.6698785381619412,0.01721172962689899,2145746,36932,0.04674006028440702,3.008412381708186,cancellation,calendar_weather_demand,all
0.07990117871374673,0.016528687209124645,0.7064673474570977,0.01721172962689899,2145746,36932,0.06768875458358603,3.999992637004454,cancellation,ds_fusion,all
0.07617959466305511,0.015905937807464385,0.742771806457549,0.01721172962689899,2145746,36932,0.12713716016107188,4.728165605017763,cancellation,early_fusion_wad,all
0.07971633199077217,0.016522822497431967,0.7098790842918239,0.01721172962689899,2145746,36932,0.06837109504274888,4.05107069808246,cancellation,full_acrf,all
0.07946524196441777,0.01651490912667482,0.71302310070844,0.01721172962689899,2145746,36932,0.06948926286133242,4.143728443489983,cancellation,full_acrf_eta,all
0.0761795946642694,0.015905937807621427,0.742771806457549,0.01721172962689899,2145746,36932,0.12713716016107188,4.728165605017763,cancellation,residual_logistic_fusion,all
0.08032294355083046,0.016537869742641344,0.6974345271445512,0.01721172962689899,2145746,36932,0.06622027878576493,3.998946064425164,cancellation,yager_fusion,all
